PaintingID,Title,HeightInches,WidthInches,ImageBaseName
1,"2 Boys In The City",12,9,"2boysincity"
2,"Nite Cookie",12,9,"batwithstars"
3,"Blueberries",56,56,"blueberries"
4,"Aurora",12,9,"bluephoenix"
5,"Bombers",40,33,"bombers"
6,"Bronx Cheer",12,9,"boxerpurple"
7,"Take Ecstasy w/ Me",12,9,"boxers"
8,"Breathe Salt",56,56,"breathesalt"
9,"Buddha Of Suburbia",40,33,"buddhaofsuburbia"
10,"Canopy",56,56,"canopy"
11,"Chemical Brothers",40,33,"chemicalbrothers"
12,"Drinking In LA",56,56,"drinkinginla"
13,"Drums Are Dangerous",56,56,"drumsaredangerous"
14,"King Of Inertia",56,56,"kingofinertia"
15,"Mosh Pit",56,56,"moshpit"
16,"Paste",56,56,"paste"
17,"Coney Island Cyclone",12,9,"planterspeanut"
18,"Bell",12,9,"robottoys"
19,"Let's Go Native",12,9,"santa"
20,"Sinking In LA",56,56,"sinkinginla"
21,"The Cruise",12,9,"snowflakesanta"
22,"South Of Capo",56,56,"southofcapo"
23,"The Infinite Posse",56,56,"theinfiniteposse"
24,"Thinking In LA",56,56,"thinkinginla"
25,"Passengers",12,9,"twosoldiers"
26,"Voodoo People",40,33,"voodoopeople"
27,"X-Mas Jamboree",12,9,"xmasjamboree"
28,"Sugar World",12,9,"yellowboy"
29,"Army Of Me",0,0,"armyofme"
30,"Blue Nude At Amherst",0,0,"bluenudeatamherst"
31,"Born Slippy",0,0,"bornslippy"
32,"Congo",0,0,"congo"
33,"Ghetto Head",40,33,"ghettohead"
34,"Hot Fries!",0,0,"hotfries"
35,"Hymn Of The Big Wheel",0,0,"hymnofthebigwheel"
36,"I'm An Agent",0,0,"imanagent"
37,"Juno Reactor",0,0,"junoreactor"
38,"Kettle Whistle",0,0,"kettlewhistle"
39,"Mandinka",0,0,"mandinka"
40,"Messiahs Of The Milk Bar",0,0,"messiahsofthemilkbar"
41,"My Shadow In Vain",0,0,"myshadowinvain"
42,"My Shadow In Vain Part 2",0,0,"myshadowinvainpt2"
43,"Pistachio Part 2",0,0,"pistachiopt2"
44,"Please Push No More",0,0,"pleasepushnomore"
45,"Propaganda",0,0,"propaganda"
46,"Real Estate",0,0,"realestate"
47,"Reversal",40,33,"reversal"
48,"Shiver",0,0,"shiver"
49,"Sinead Versus Ashtar Command",0,0,"sineadversusashtarcommand"
50,"Superheroes Part 1",0,0,"superheroespt1"
51,"Superheroes Part 3",0,0,"superheroespt3"
52,"The Negotiation",0,0,"thenegotiation"
53,"Transcentral",40,33,"transcentral"
54,"Unreflected",0,0,"unreflected"
55,"We Are Just Noise",0,0,"wearejustnoise"
56,"Weather Experience",0,0,"weatherexperience"
57,"We Take Mystery To Bed",0,0,"wetakemysterytobed"
58,"Will Sin And Mr. C",0,0,"willsinandmrc"
59,"Vitamin C",56,56,"vitaminc"
60,"Tidepool",56,56,"tidepool"
61,"Color Filter",12,9,"sunwithglasses"
62,"Way Out West",12,9,"snowman"
63,"Pacific Ocean Park",56,56,"pacificoceanpark"
64,"One 2 Many Mornings",40,33,"one2manymornings"
65,"Mr. Bubbles",12,9,"mrbubbles"
66,"Mars Landing Party",56,56,"marslandingparty"
67,"Leaving This Island",56,56,"leavingthisisland"
68,"J'nuh",39,31,"jnuh"
69,"Jingle",12,9,"indiansunman"
70,"Hong Kong Farewell",56,56,"hongkongfarewell"
71,"Star Fruit",12,9,"greenmanwithbirds"
72,"Glider",56,56,"glider"
73,"Dream Attack",33,46,"dreamattack"
74,"Glider 2",12,9,"dieknowsoretrex"
75,"Sand Piper",12,9,"copfeedsbirds"
76,"Car Jamming",12,9,"aquabird"
77,"Abu Temple Statues",16,12,"abutemplestatue"
78,"3 Nutella Brothers",29,29,"3nutellabrothers"
79,"Tangerine Citrus Trio",56,56,"tangerinecitrustrio"
80,"Yalla Yalla",6,8,"stoves"
81,"Beached",12,9,"sun"
82,"Chico's Groove",12,9,"drkaqua3musico"
83,"Hang On To Your IQ",12,9,"cavefigure"
84,"Juno Reaction",12,9,"junoreaction"
85,"Moby",9,12,"moby"
86,"Hong Kong Hello",12,9,"batwithmole"
87,"Untogether In Fantasy",39,31,"untogetherinfantasy"
88,"2 Here Knows When",40,32,"redrachelbehind"
89,"Remember I Was Vapour",40,96,"rememberiwasvapour"
90,"Sun Rah",16,12,"sunrah"
91,"Pistachio",32,49,"pistachio"
92,"Iron Giant",12,9,"irongiant"
93,"Chasing A Bee",12,9,"chasingabee"
94,"Oyster Player",12,9,"oysterplayer"
95,"1 Billion Served",12,9,"1billionserved"
96,"8 Ball",11,15,"8ball"
97,"Barking Crab",12,9,"barkingcrab"
98,"Beverly",12,9,"beverly"
99,"Bionic",11,15,"bionic"
100,"Biscuit",12,9,"biscuit"
101,"Blanket",12,9,"blanket"
102,"Blizzard",12,9,"blizzarddigital"
103,"Boneyard",12,9,"boneyard"
104,"Boston",40,33,"boston"
105,"Build a better mouse trap",12,9,"buildabettermousetrap"
106,"Build a better car",12,9,"buildabettercar"
107,"Cadiz",20,15,"cadiz"
108,"Camping in N.H.",12,9,"campinginnh"
109,"Champagne from a paper cup",12,9,"champagnefromapapercup"
110,"Charms",40,33,"charms"
111,"Chasing a bee 2",12,9,"chasingabee2"
112,"Children of summer",12,9,"childrenofsummer"
113,"Coffee",12,9,"coffee"
114,"Cool mint advantage",12,9,"coolmintadvantage"
115,"Corn muffin",12,9,"cornmuffin"
116,"Cricklewood",12,9,"cricklewood"
117,"Crime scene",12,9,"crimescene"
118,"Crime scene 2",12,9,"crimescenedigital"
119,"December 25",12,9,"dec25"
120,"Diggin' the new",12,9,"digginthenew"
121,"Dreams burn down",12,9,"dreamsburndown"
122,"Easter",40,33,"easter"
123,"Flame",12,9,"flame"
124,"Flavor",40,33,"flavor"
125,"Foxwoods",12,9,"foxwoods"
126,"Glider 2",12,9,"gliderdigital"
127,"Gloucester",12,9,"gloucester"
128,"Hardware",12,9,"hardware"
129,"Hero",36,24,"hero"
130,"Honey",12,9,"honey"
131,"Honey Remix",12,9,"honeyremix"
132,"Hong Kong greeting",12,9,"hongkonggreeting"
133,"Hum",15,20,"hum"
134,"The immortal soul of mundi cani",40,33,"immortalsoulofmundicani"
135,"I used 2 b an actor",12,9,"iused2beanactor"
136,"Jerry's Mirage",40,33,"jerrysmirage"
137,"Jingle 2",12,9,"jingle2"
138,"Jumbo",40,33,"jumbo"
139,"Keep your dreams",12,9,"keepyourdreams"
140,"Late bloomer",12,9,"latebloomer"
141,"Millenium",40,33,"millenium"
142,"Moment #72",15,11,"moment72"
143,"Mudd club",40,33,"mudclub"
144,"My little drum",12,9,"mylittledrum"
145,"My morning jacket",40,33,"mymorningjacket"
146,"My Valentine",40,33,"myvalentine"
147,"Peppermint",40,33,"peppermint"
148,"Pino's",12,9,"pino's"
149,"Pompeii parking lot",12,9,"pompeiparkinglot"
150,"Presto's",40,33,"prestos"
151,"Rockport",12,9,"rockport(perfectstorm)"
152,"Rodeo Jones",12,9,"rodeojones"
153,"Rodeo Jones 2",40,33,"rodeojonespainting"
154,"Rum",15,20,"rum"
155,"Seltzer's",12,9,"seltzer's"
156,"Sesame Seeds",40,33,"sesameseeds"
157,"Shedd",12,9,"shedd"
158,"Sickle Messiah",40,33,"sicklemessiah"
159,"Spinning Away",40,33,"spinningaway"
160,"Stars",40,33,"stars"
161,"Statewide sleep disorder",12,9,"statewidesleepdisorder"
162,"Yalla Halla",4,8,"stoves(remix)digital"
163,"Yalla Jalla",4,8,"stovescolordigital"
164,"Summit Hill",11,15,"summithill"
165,"Teapot",11,15,"teapot"
166,"The city of gold and lead",12,9,"thecityofgold&lead"
167,"The field",12,9,"thefield"
168,"The spoke",12,9,"thespoke"
169,"Titch",39,31,"titch"
170,"Trashed at Grendel's",12,9,"trashedatgrendels"
171,"Underoo's",12,9,"underoo's"
172,"Vincent, Mooney brother's and me-trashed",11,15,"vincent,mooneybrosme"
173,"Wine from a paper bag",12,9,"winefromapaperbag"
174,"Wonderhorse logo 1",12,9,"wonderhorse1digital"
175,"Wonderhorse logo 2",12,9,"wonderhorse2digital"
176,"Wonderhorse logo 3",12,9,"wonderhorse3digital"
177,"Wonderhorse logo 4",12,9,"wonderhorse4digital"
178,"Work 4 peanuts",12,9,"work4peanuts"
179,"X-Ray style",12,9,"x-raystyle"
180,"Young team",12,9,"youngteam"
181,"Your bruise",12,9,"yourbruise"
182,"Bat 1",12,9,"bat2"
183,"Bat 2",12,9,"bat1"
184,"Bat 3",12,9,"bat3"
185,"Stars digital",12,9,"batman(remix)"
186,"Spinning digitally",12,9,"batman"
187,"Beached remix",12,9,"beached(remix)"
188,"Hong Kong Hello",12,9,"hongkonghello"
189,"Lion plate",12,9,"lion"
190,"Nite Cookie digital",12,9,"nitecookie(remix)"
191,"Yalla Yalla (lighter)",4,8,"stovesbestlighter"
192,"Strawberry Mouth",12,9,"strawberrymouth"
193,"The Cruise (colored)",12,9,"thecruise"
194,"Lets go native digitally",12,9,"letsgonative(black)"
195,"Mural",96,360,"fullmuralb"
196,"Young Influentials",41,33,"younginfluentials"
197,"Sad Gray Sky",40,30,"sadgraysky"
198,"Ape War",40,33,"apewar"
199,"Mission of the Day",48,30,"missionoftheday"
200,"Big Dig",41,33,"bigdig"
201,"She Bangs the Drum",40,33,"shebangsthedrum"
202,"Slave 2 the Wage",40,32,"slave2thewage"
203,"Pacific Heights",34,34,"pacificheights"
204,"Nightmare Before Xmas 1",30,22,"nitemareb4xmas1"
205,"Nightmare Before Xmas 2",30,22,"nitemareb4xmas2"
206,"Nightmare Before Xmas 3",30,22,"nitemareb4xmas3"
207,"Big Blue Dream",30,22,"bigbluedream"
208,"Badly Drawn Boy",30,22,"badlydrawnboy"
209,"Behold the Nightmare",22,30,"beholdthenitemare"
210,"Cereal",30,22,"cereal"
211,"Clocks Hold On To Love",30,22,"clocksholdontolove"
212,"Clocks Luminous X",30,22,"clocksluminousx"
213,"Edward Scissorhands",30,22,"edwardscissorhands"
214,"Election 69 Police",30,22,"election69police"
215,"Election Clubbed 2 Death",30,22,"electionclubbed2death"
216,"Election Fake Frowns",30,22,"electionfakefrowns"
217,"Election I Wanna B Adored",30,22,"electioniwannabadored"
218,"January Arms",15,11,"januaryarms"
219,"Kotton Krown",30,22,"kottonkrown"
220,"Le Bar Bat",30,22,"lebarbat"
221,"Lemon Interrupt",15,11,"lemoninterrupt"
222,"Dust",30,22,"dust"
223,"Knife Party",30,22,"knifeparty"
224,"Line of Best Fit",30,22,"lineofbestfit"
225,"Look What Happened 2 My City",30,22,"lookwhathappened2mycity"
226,"Peepshow",30,22,"peepshow"
227,"Planet of the Apes",30,22,"planetoftheapes"
228,"Promises of Eternity",22,30,"promisesofeternity"
229,"Revol",15,11,"revol"
230,"Shoot U Down",30,22,"shootudown"
231,"Lemonade",30,22,"lemonade"
232,"Spiked",22,30,"spiked"
233,"Strange Invitation",15,11,"strangeinvitation"
234,"The Fool",15,11,"thefool"
235,"Wonderhorse",12,9,"wonderhorsepaintingred"
236,"X Nite",30,22,"xnite"
237,"Pastry Chef",12,9,"pastrychef"
238,"Where Angels Play",30,22,"whereangelsplay"
239,"Sex 4 Me",30,22,"sex4me"
240,"Sex 4 U",30,22,"sex4u"
241,"Waterfall",30,22,"waterfall"
242,"Feel My Squeeze",30,22,"feelmysqueeze"
243,"Crime Scene Painting",12,9,"crimescenepainting"
244,"Tio Pepe",30,22,"tiopepe"
245,"Free Diving",30,22,"freediving"
246,"Crush",30,22,"crush"
247,"The King",30,22,"theking"
248,"Messy Xmas",12,9,"messyxmas"
249,"Sun Never Stops Setting",12,9,"sunneverstopssetting"
250,"Halloween",12,9,"halloween"
251,"Big Pipe Propaganda",56,56,"bigpipepropaganda"
252,"Blue Amazon Propaganda",56,56,"blueamazonpropaganda"
253,"Propaganda Puff",56,56,"propagandapuff"
254,"Propaganda Kettle Whistle",56,56,"propagandakettlewhistle"
255,"Sundried Propaganda",56,56,"sundriedpropaganda"
256,"Oogie Boogie",56,56,"oogieboogie"
257,"Chasing A Bee (Big Mix)",56,56,"chasingabee(bigmix)"
258,"U Can Do It",56,56,"ucandoit"
259,"Golden Gaze",56,56,"goldengaze"
260,"Raiders",56,56,"raiders"
261,"Moloko",56,56,"moloko"
262,"Vellocet",56,56,"vellocet"
263,"Fa Fu In My Honey",56,56,"fafuinmyhoney"
264,"I Can't Believe It's Bond",56,56,"ican'tbelieveit'sbond"
265,"Wonderhorse (Big Mix)",56,56,"wonderhorse(bigmix)"
266,"Rodeo Jones (Interference Mix)",56,56,"rodeojones(interferencemix)"
267,"Rodeo Jones (Def Dub Mix)",56,56,"rodeojones(defdubmix)"
268,"Franchise",56,56,"franchise"
269,"Pacific Heights (Electromix)",56,56,"pacificheights(electromix)"
270,"Beacon Beez",35,57,"beaconbeez"
271,"Big Dig (Heavyweight Dub)",56,56,"bigdig(heavyweightdub)"
272,"Pink Lemonade",56,56,"pinklemonade"
273,"Moonraker Monsters",56,56,"moonrakermonsters"
274,"Just Like Fred Astaire",30,22,"justlikefredastaire"
275,"Watermark",30,22,"watermark"
276,"Already Yours",30,22,"alreadyyours"
277,"Calm Americans",30,22,"calmamericans"
278,"Pacific Heights (Lost Nite Mix)",30,22,"pacificheights(lostnitemix)"
279,"Pacific Heights (Optimistic mix)",30,22,"pacificheights(optimisticmi"
280,"Spidey Style",24,18,"spideystyle"
281,"Spiderman Go Let It Out",24,18,"spidermangoletitout"
282,"Wolverine Style",24,18,"wolverinestyle"
283,"Banana Splits",24,18,"bananasplits"
284,"Grinch",24,18,"grinch"
285,"My Star",24,18,"mystar"
286,"Take Me Thru This Life",24,18,"takemethruthislife"
287,"99th Dream",24,18,"99thdream"
288,"Scooby Doo",24,18,"scoobydoo"
289,"Samurai Double Feature",22,15,"samuraidoublefeature"
290,"4 Libras",24,18,"4libras"
291,"Daredevil",22,15,"daredevil"
292,"Wolverine (Passive Aggressive Mix)",22,15,"wolverine(passiveaggressive"
293,"Wolverine (Spite Amp; Malice)",22,15,"wolverine(spiteamp;malice)"
294,"Wolverine (X-Nite)",22,15,"wolverine(x-nite)"
295,"Ironman",22,15,"ironman"
296,"Bat Head",22,15,"bathead"
297,"Captain America",30,22,"captainamerica"
298,"Incredible Hulk",30,22,"incrediblehulk"
299,"Uncanny X-Men",30,22,"uncannyx-men"
300,"Spidey Vs. Dr. Octopus",30,22,"spideyvsdroctopus"
301,"Bonk!",30,22,"bonk!"
302,"Lock Shock Barrel",30,22,"lockshockbarrel"
303,"Nitemare B4 Xmas (Red Mix)",30,22,"nitemareb4xmas(redmix)"
304,"Spidey And His Secret War",30,22,"spideyandhissecretwar"
305,"Bat Student",22,15,"batstudent"
306,"Punisher",22,15,"punisher"
307,"Monsters 1",24,18,"monsters1"
308,"Monsters 2",24,18,"monsters2"
309,"Cleaning The Stairs",30,22,"cleaningthestairs"
310,"Robbed On Salisbury",30,22,"robbedonsalisbury"
311,"Boba",22,15,"boba"
312,"Godzilla Vs. King Kong",22,15,"godzillavskingkong"
313,"Godzilla Vs. Monster0",22,15,"godzillavsmonster0"
314,"Jamba Junkies",24,18,"jambajunkies"
315,"Squeeze Bear Blue",24,18,"squeezebearblue"
316,"Squeeze Bear Pink",24,18,"squeezebearpink"
317,"Sick Jamba Cat",24,18,"sickjambacat"
318,"Stuck In A Moment W Out U2 Tix",30,22,"stuckinamomentwoutu2tix"
319,"Poison",30,22,"poison"
320,"Dr. G",30,22,"drg"
321,"Chump 4 The Change",30,22,"chump4thechange"
322,,,,"ORBITALunkle2"
323,,,,"SHAMENYELLOW"
324,,,,"shamenXX"
325,,,,"orbblack"
326,,,,"mybloodyvalentineRED"
327,,,,"MSP4"
328,,,,"MSP5"
329,,,,"manicmichaelarchetect"
330,,,,"mogwaigasmaskflags3"
331,,,,"MSP"
332,,,,"ORBITAL3"
333,,,,"scourgeoftheearth"
334,,,,"scourgeofearthkorean"
335,,,,"SDRE2"
336,,,,"SDRE"
337,,,,"primalscreamkill"
338,,,,"primalscreamcopter"
339,,,,"primalscremsoldier"
340,,,,"STONEROSES"
341,,,,"sunnydaynudemale2"
342,,,,"sunnydayangel"
343,,,,"MOBY4"
344,,,,"JAMESFREDASTAIRE"
345,,,,"IANBROWNrealcdcovers9"
346,,,,"BADjesus"
347,,,,"curvecamelsfire4"
348,,,,"deadcandance"
349,,,,"orbflag3"
350,,,,"boomboxescd3"
351,,,,"PLACEBO3"
352,,,,"theorbdolphin3"
353,,,,"abbybreastsMANIC"
355,"Propaganda Peace",56,56,"propagandapeace"
357,,,,"massive3spit29"
358,,,,"massiveattackspit29"
359,,,,"massivegreyspit9"
360,,,,"raygunncdperfect"
361,,,,"turkfreshcd2"
362,,,,"bonyfigures15"
363,"Valley Fashion",40,32,"valleyfashion"
364,,,,"UNKLEapestatuelib"
365,,,,"unkleapeshall"
366,"Blue Nude",,,"BLUEnudeperfect"
367,"Priest",,,"priest"
368,"Red Nude",,,"REDnudeperfect"
369,"Wonderhorse",56,80,"seattleperfect"
370,"Blue Stoves",,,"stovesblue"
371,"Dogs",,,"dogs"
372,"Rodeo Jones (4 Piece)",12,36,"rodeojones(4piece)"
373,"3 Skeletons",56,56,"3skeletons"
374,"Bardurex (Black)",40,32,"bardurex(black)"
375,"Bardurex (White)",46,36,"bardurex(white)"
376,"Black Market Penguin",46,38,"blackmarketpenguin"
377,"Chacuterie Blue",20,16,"chacuterieblue"
378,"Chat",12,9,"chat"
379,"Hotel Palacio",56,56,"hotelpalacio"
380,"Journaux",20,16,"journaux"
381,"Mailboxes",56,40,"mailboxes"
382,"Rodeo Jones (3 Piece)",12,27,"rodeojones(3piece)"
383,"Samson the Great",56,40,"samsonthegreat"
384,"The Skulls",3,9,"theskulls"
385,"Travel (After Drinks)",10,15,"travel(afterdrinks)"
386,"Travel (Before Drinks)",10,15,"travel(beforedrinks)"
387,"Travel (Original)",5,12,"travel(original)"
388,"Young Team 2",12,9,"youngteam2"
389,"Yoyo",12,9,"yoyo"
390,"Café 2",,,"cafe2"
391,"Face",,,"face"
392,"Journaux 2",,,"journax2"
393,"Balloon",,,"mfaface4"
394,"MFA Oogie",,,"mfaoogie"
395,"OOGIE MFA",,,"oogiemfa"
396,"Picasso at Lapin Agile",,,"picasso3"
397,"Piss Penguin",,,"PISSpenquin3"
398,"Art Fanatic",,,"umassmfaguy2"
399,"Jazz 2",,,"jazz2"
400,"Nightmare Xmas 3",56,56,"nightmarexmas3"
401,"Nude",56,56,"nude"
402,"Edward Cutouts 4",56,56,"edwardcutouts4"
403,"Edward 2",56,56,"edward2"
404,"Pink Nude 4",56,56,"pinknude4"
405,"12 Faces of Jack 3",56,56,"12facesjack3"
406,"Skull Oogie 5",56,56,"skulloogie5"
407,"Honey Money",56,56,"honeymoneyorig"
408,"Hotel De La Post",56,56,"hoteldelapost"
409,"Unveiling Perfection",56,56,"unveilingperfection"
410,"Student",56,56,"teenfromjapan"
411,"Meghan",32,40,"meghan"
412,"38 Geary",56,56,"38geary"
413,"Digging In The Dirt",56,56,"digginginthedirt"
414,"Champagne Pizza",40,16,"champagnepizza"
415,"Jazz For Portland",40,33,"jazzforportland"
416,"Digging In The Sun",38,53,"digginginthesun"
417,"Popcorn Buddah",30,26,"popcornbuddah"
418,"Perfume",30,26,"perfume"
419,"Perfume Remix",30,26,"perfumeremix"
420,"The Firm",40,30,"thefirm"
421,"Proper Penguin",25,45,"properpenguin"
422,"Café Raos",56,56,"caferaos"
423,"Sampson The Great",46,38,"sampsonthegreat"
424,"Tomato",30,26,"tomato"
425,"Chemical Brothers",40,32,"chemicalbros"
426,"Pop Star Buddah",52,25,"popstarbuddah"
427,"Populist Party Buddah",52,25,"populistpartybuddah"
428,"Porn Party Buddah",20,16,"pornpartybuddah"
429,"9/11",10,6,"9-11"
430,"Religion",10,6,"religion"
431,"Ariel",28,24,"ariel"
432,"Big City",56,40,"bigcity"
433,"Take 5",28,24,"calmjazz"
434,"Chubby Borachos",44,38,"chubbyborachos"
435,"Groove Corporation",28,24,"chubbyjazzfans"
436,"Chubby $",24,28,"chubbymoney"
437,"Figures in Red",56,80,"cutelittlebears"
438,"Ego Trip",56,30,"egotrip"
439,"Falling Stones",56,30,"fallingstones"
440,"Farewell to Arms",32,26,"farewelltoarms"
441,"Pelican",28,24,"greenchubbyhill"
442,"Karma",56,30,"karma"
443,"Loch Lomond",56,56,"lochlomond"
444,"No Worries",26,22,"noworries"
445,"Soap",56,30,"rachel"
446,"Sahara Club",36,24,"saharaclub"
447,"Nice",56,40,"storesofnice"
448,"Toucan",26,22,"toucan"
449,"Yellow Nude",28,22,"yellowblue"
450,"Paradiso",54,54,"paradiso"
451,"Sahara Club",54,54,"saharaclub2"
452,"Take 5",54,54,"take5"
453,"Paris 5:13 am",54,54,"paris513am"
454,"Lemon Paris",54,54,"lemonparis"
455,"Shmooze",40,33,"shmooze"
456,"Shmooze Control",40,33,"shmoozecontrol"
457,"Honey Peeps",54,54,"honeypeeps"
458,"Honey Power",56,56,"honeypower"
459,"The Reporter",56,36,"tintin"
460,"My Favorite Cutie Bat",12,20,"myfavoritecutiebat"
461,"Yummy Honey",24,57,"yummyhoney"
462,"4 Good Men of Snow",12,27,"4goodmenofsnow"
463,"Easter Egg Rodeo",12,20,"eastereggrodeo"
464,"Easter Rodeo",20,12,"easterrodeo"
465,"Swiss Cheese Dream",16,12,"swisscheesedream"
466,"Chillin' In January",48,14,"chillininjanuary"
467,"4 Cuties",24,18,"4cuties"
468,"Cat Likes Soy Oat Flakes",12,20,"catlikessoyoatflakes"
469,"Glitter Ghosts",9,12,"glitterghosts"
470,"Vitamin Heads",9,12,"vitaminheads"
471,"Usako",6,4,"girlbunny"
472,"Silver City Shave",24,19,"silvercityshave"
473,"Bowling for Shmoos",24,19,"bowling4shmoos"
474,"Gold Hand Indian Land",24,19,"goldhandindianland"
475,"Pecos Pete",24,19,"pecospete"
476,"Land for Sale (Yellow)",24,19,"landforsale(yellow)"
477,"I've Struck It Rich",24,19,"ivestruckitrichold"
478,"Land for Sale (Green)",24,19,"landforsale(green)"
479,"Lodge at the Lake",24,19,"lodgeatthelake"
480,"Honey Money",24,19,"honeymoney2"
481,"Glitter Mice",12,20,"glittermice"
482,"Mice with Presents",12,20,"micewithpresents"
483,"Magic Rock Ghosts",9,9,"magicrockghosts"
484,"Shmoo Love",9,14,"shmoolove"
485,"Vin de Paris",24,19,"vindeparis"
486,"Flanders Angel",24,19,"flandersangel"
487,"Cutie Bat",12,20,"cutiebat"
488,"Ding Dong",14,12,"dingdong"
489,"Big Smile Snowman",14,12,"bigsmilesnowman"
490,"Jewels",9,12,"jewels"
491,"Two Blobs In Blizzard",9,12,"2blobsinblizzard"
492,"Cherry Jazz",30,22,"cherryjazz"
493,"Blueberry Jazz",30,22,"blueberryjazz"
494,"Lemon Trumpet",16,26,"lemontrumpet"
495,"Trumpet Swirl",30,22,"trumpetswirl"
496,"Kiwi Jazz",41,33,"kiwijazz"
497,"Grape Jazz",24,19,"grapejazz"
498,"Magic Cloudy Day",19,24,"magiccloudyday"
499,"Magic City Night",22,30,"magiccitynight"
500,"Magic City Midnight",19,24,"magiccitymidnite"
501,"First City Night",20,16,"firstcitynight"
502,"Pink City",30,22,"pinkcity"
503,"Blue Raspberry Jazz",24,19,"bluerasberryjazz"
504,"Kiwi Jazz 2",24,19,"kiwijazz2"
505,"Money Jazz",9,12,"moneyjazz"
506,"Little Lemon Jazz",16,26,"sunnydayjazz"
507,"Fender Bender",15,30,"fenderbender"
508,"Fender Bender 2",15,30,"fenderbender2"
509,"Banana Jazz",32,16,"bananajazz"
510,"Magic Fishing Night",36,35,"magicfishingnight"
511,"Strawberry City",56,15,"strawberrycity"
512,"Fender Bender Tall City",56,16,"fenderbendertallcity"
513,"Fender Bender Blueberry",18,30,"fenderbenderblueberry"
514,"Cutie Pie",25,20,"cutiepie"
515,"Fender Bender Blackberry",33,27,"fenderbenderblackberry"
516,"Soap Land",17,14,"soapland"
517,"Old Boston",15,32,"oldboston"
518,"Fender Bender Mixed Fruit",15,30,"fenderbendermixedfruit"
519,"Untouchable Chief",44,13,"untouchablechief"
520,"Big City Dreams Burn Down",36,16,"bigcitydreamsburndown"
521,"First Fender Bender",18,30,"firstfenderbender"
522,"Japanese Mementos",27,22,"japanesemementos"
523,"Snowy Day",34,15,"snowyday"
524,"Flight From Japan",12,9,"flightfromjapan"
525,"Fishing For Salmon",15,12,"fishingforsalmon"
526,"Green Tea Christmas",14,14,"greenteachristmas"
527,"Fast Food Indian",12,9,"fastfoodindian"
528,"Tapeo",12,9,"tapeo"
529,"Flight From Hong Kong",9,12,"flightfromhongkong"
530,"Gumball Flight",18,14,"gumballflight"
531,"Pink Flight",18,14,"pinkflight"
532,"Scissor Hands",12,9,"scissorhands"
533,"Monsieur Jack",12,9,"monsieurjack"
534,"Lemon Sunday",54,32,"lemonsunday"
535,"Playoffs Game 3",36,30,"playoffsgame3"
536,"Circle Sakana",16,16,"circlesakana"
537,"Sugar Heaven Big Dig",15,40,"sugarheavenbigdig"
538,"Sugar Heaven City",16,33,"sugarheavencity"
539,"Big Dig Berries",55,22,"bigdigberriesperfect"
540,"Fender Bender Fire Chief",40,32,"fenderbenderfirechief"
541,"Fire Truck Destination Eschaton",14,36,"firetruckdestinatione"
542,"Pollution Bus #66",8,30,"pollutionbus66"
543,"NoHo Bus Baby",10,40,"nohobusbaby"
544,"Crimestoppers",10,24,"crimestoppers"
545,"Truck Culture",10,24,"truckculture"
546,"Fender Bender Miami's Finest",33,27,"fenderbendermiamisfinest"
547,"Lite Brite Fender Bender",11,15,"litebrightfenderbender"
548,"Ticket Quota",33,20,"ticketquota"
549,"Big Dig At Nite",56,40,"bigdigsparkeles"
550,"Celebration City",20,16,"celebrationcity"
551,"Lemon Big Dig",21,21,"lemonbigdig"
552,"Blueberry Big Dig",21,21,"blueberrybigdig"
553,"Kava Commute",10,30,"kavacommute"
554,"Decay",16,20,"decay"
555,"No Ordinary Morning",18,26,"noordinarymorning"
556,"Pinch",26,16,"nighttimeride"
557,"Three Day Visit",25,24,"thegoldenpath"
558,"Arch",16,20,"arch"
559,"Milk",14,14,"rack"
560,"Blue City Shelter",24,16,"bluecityshelter"
561,"This Picture",12,14,"thispicture"
562,"Paxil Pots Pans",26,16,"paxilpots_pans"
563,"Cocoa Head",20,16,"cocoahead"
564,"Frosty",12,9,"frosty"
565,"Rodeo Jones: Dreamers",56,16,"rodeojonesdreamers"
566,"Rodeo Jones: Superstars",56,26,"rodeojonessuperstars"
567,"Rodeo Jones: Here To Stay",48,13,"rodeojonesheretostay"
568,"Good Truck",9,16,"goodtruck"
569,"Bumper Blizzard",10,24,"bumperblizzard"
570,"School Ya",8,24,"schoolya"
571,"Boo",12,9,"booslap"
572,"Flow",16,25,"gowiththeflow"
573,"Big Dig Hassle",15,32,"bigdighassle"
574,"Big Dig Bolt",20,16,"bigdigbolt"
575,"Cool Jazz",33,33,"cooljazz"
576,"Starry Sky Jazz",36,24,"starryskyjazz"
577,"Big Dig Breakdown",20,16,"bigdigbreakdown"
578,"Vanilla Big Dig",20,16,"vanillabigdig"
579,"Olive Enterprises",16,20,"oliveenterprises"
580,"Fish Wish",24,16,"fishwish"
581,"Crane Drain",14,14,"cranedrain"
582,"Big Dig Little Berries",20,16,"bigdiglittleberries"
583,"Teamster's Dreamers",20,30,"teamstersdreamers"
584,"Starry-Eyed Jazz",18,28,"starryeyedjazz"
585,"Blare Glare",12,9,"blareglare"
586,"Tordesillas",31,31,"tordesillas"
587,"Sumi Fruit",12,9,"sumifruit"
588,"Sumi Lion",12,9,"sumilion"
589,"Sumi Shack",9,12,"sumishack"
590,"Sumi Blue Surprise Fish",9,12,"sumibluesurprisefish"
591,"Sumi Pine Tree",12,9,"sumipinetree"
592,"Sumi Chubby Bird",12,9,"sumichubbybird"
593,"Sumi Bus",9,12,"sumibus"
595,"Sumi Blue Bats",12,9,"sumibluebats"
596,"Sumi Bar Du Rex",12,9,"sumibardurex"
597,"Sumi Blue Flower",12,9,"sumiblueflower"
598,"Sumi Bear",9,12,"sumibear"
599,"Sumi Alligator",9,12,"sumialligator"
600,"Sumi Frogs",9,9,"sumifrogs"
601,"Sumi Yellow Bats",12,9,"sumiyellowbats"
602,"Sumi Sienna Bats",12,9,"sumisiennabats"
603,"Sumi Yellow Fish",9,12,"sumiyellowfish"
604,"Tenants",36,18,"tenants"
605,"Nite Owl Bus",20,16,"niteowlbus"
606,"Rodeo Jones Gets the First Nibble",58,56,"rodeojonesgetsthefirstnibble"
607,"Old Man Rodeo",53,47,"oldmanrodeo"
608,"Charmed Fishing Night",53,47,"charmedfishingnight"
609,"Tsunami Fish and Chips",33,25,"tsunamifishandchips"
610,"Flying Fish Wish",47,47,"flyingfishwish"
611,"Spite and Malice Shrimp Trawler",47,53,"spiteandmaliceshrimptrawler"
612,"Spite and Malice Oil Tanker",47,53,"spiteandmaliceoiltanker"
613,"Chowderhead",20,16,"chowderhead"
614,"Ice Cold Cod",56,13,"icecoldcod"
615,"Rodeo Jones Stakes Out the Big One",56,13,"rodeojonesstakesouttheboat"
616,"Greedy Fish Wish",47,30,"greedyfishwish"
617,"Little Tsunami",14,14,"littletsunami"
618,"Fish Wish",22,12,"fishwish2"
619,"Daruma Charm",16,16,"darumacharm"
620,"Brookline Fender Bender",18,30,"brooklinefenderbender"
621,"Quiet City Nude",56,40,"quietcitynude"
622,"Bugged Out on Green Tea",14,14,"buggedoutongreentea"
623,"The Hypnotist",36,36,"thehypnotist"
625,"Mojo Salmon",26,22,"mojosalmon"
626,"Seagull Sea Breeze",26,22,"seagullseabreeze"
627,"Mr. Jones and his Curly Coils",26,22,"mrjonesandhiscurlycoils"
628,"The Magic Hand",26,22,"themagichand"
629,"Grape Rodeo Jones",26,22,"graperodeojones"
630,"S.O.S.",20,16,"sos"
631,"Rodeo Jones Ruff Sea",26,22,"rodeojonesruffsea"
632,"The Snowy Sea",22,22,"thesnowysea"
633,"Fiesty Crab and Flounder",32,26,"fiestycrabandflounder"
634,"The Hypnotist (Small)",30,22,"thehynotistsmall"
635,"Yoyo Jones The Crabcake Dreamer",26,22,"yoyojonesthecrabcakedreamer"
636,"Paxil Pots & Pans",28,18,"paxilpotsandpansjpg"
637,"School Ya!",16,30,"schoolya2"
638,"School Ya! School Break",16,30,"schoolyaschoolbreak"
639,"Ladder 17",16,30,"ladder17"
640,"Too Early For The T",16,54,"tooearlyforthet"
641,"Coffee Commute",14,54,"coffeecommute"
642,"Mustache Xmas",14,26,"mustachexmas"
643,"Midnight in the Garden Smelling Roses",14,14,"midniteinthegardensmellingroses"
644,"Nite Owl Bus",40,50,"niteowlbus2"
645,"Big City Dreams Burn Down",40,50,"bigcitydreamsburndown2"
646,"Tropical Dream",16,40,"tropicaldream"
647,"Honey Thief",26,22,"honeythief"
648,"Hard Honey Thief",26,22,"hardhoneythief"
649,"Royal Honey Thief",26,22,"royalhoneythief"
650,"Wild Reed Jazz",26,42,"wildreedjazz"
651,"Japanese Mementos",30,22,"japanesemomentos"
652,"Big Dig Saturday",20,16,"bigdigsaturday"
653,"Big Dig Saturday Night",20,16,"bigdigsaturdaynight"
654,"Big Dig Tall Crane",40,18,"bigdigtallcrane"
655,"Wild Clover Honey",16,20,"wildcloverhoney"
656,"Dates and Sour Apples",24,24,"datesandsourapples"
657,"Good Grapes",36,16,"goodgrapes"
658,"Unhappy/Unhappier",16,32,"unhappyunhappier"
659,"Fender Bender Big Wheels",12,28,"fenderbenderbigwheels"
660,"Fender Bender Cop",12,18,"fenderbendercop"
661,"Magic Xmas Tree Farm",36,50,"magicxmastreefarm"
662,"Snow in the City",24,36,"snowinthecity"
663,"Goodbye Snowman",30,22,"goodbyesnowman"
664,"Fenway Park",28,36,"fenwayparkforweb"
665,"Public Garden Swan Boats",28,36,"publicgardenswanboastsweb"
666,"The Very Tired Fish",50,40,"theverytiredfish"
667,"Rodeo Jones in the Rain",28,24,"rodeojonesintherain"
668,"The Great Mustache Mystery",28,24,"thegreatmustachemystery"
669,"Deep Dark Camping",32,26,"deepdarkcamping"
670,"Beauty Bat",30,40,"batwithglassesnot2020"
671,"Pirate Rodeo Jones",48,30,"piraterodeojones"
672,"Green T Tea",28,22,"greenttea"
673,"Grapes Mustache Mystery",36,14,"grapesmustachemystery"
674,"Rodeo Jones and the Fiesty Crabs",56,40,"rodeojonesandthefiestycrabs"
675,"The North End",28,36,"thenorthend"
676,"Cool Jazz",20,20,"cooljazz2005"
677,"1001 Nights",30,48,"1001nites"
678,"Distracted In San Fran",26,22,"distractedinsanfran"
679,"The Midnight Ride",18,120,"themidniteride"
680,"Fender Bender Fenway",41,33,"fenderbenderfenway"
681,"Grape Thief Mustache Mystery",56,56,"grapemustachemystery"
682,"Night Time Ride",40,56,"nitetimeride"
683,"The Dreamy Magic Night",28,22,"thedreamymagicnite"
684,"The Companion",26,22,"thecompanion"
685,"Ice Cold Treasure",18,30,"icecoldtreasure"
686,"Grape Sky and Tired Fish",28,22,"grapetiredfish"
687,"Lasso",22,56,"lasso"
688,"The Bubble Bath",30,30,"thebubblebath"
689,"Rodeo Jones Marlin Magic Night",30,22,"rodeojonesmarlinmagicnite"
690,"School Ya Swirl",14,28,"schoolyaswirl"
691,"I've Struck It Rich",20,26,"ivestruckitrich"
692,"Fender Bender Lombard Street",30,30,"fenderbenderlombardstreet"
693,"Hot Dog Dogs",20,26,"hotdogdogs"
694,"Big Dig Downtown San Francisco",56,16,"bigdigdowntownsanfran"
695,"Fender Bender Bay Bridge",20,26,"fenderbenderbaybridge"
696,"The Curious Bear (Long)",56,16,"thecuriousbearlong"
697,"The Curious Bear (Magic Night)",30,30,"thecuriousbearmagicnight"
698,"Old Thyme Jazz",22,28,"oldthymejazz"
699,"Dark Blueberry Swirl Jazz",16,20,"darkblueberryswirljazz"
700,"Big Dig Coit Tower",26,20,"bigdigcoittower"
701,"Conquest of Paradise (Musket)",20,26,"conquestofparadisemuskat"
702,"Conquest of Paradise (Snake)",20,26,"conquestofparadisesnake"
703,"Bubble Bath",30,22,"bubblebath"
704,"The Spy",30,48,"thespy"
705,"First Snow Fall Cheer",38,50,"firstsnowfallcheer"
706,"The Tranquil Night",16,30,"thetranquilnight"
707,"Tenants",36,16,"tenants"
708,"Too Early for the T",56,20,"tooearlyforthet"
709,"Midnight in the Garden Smelling Roses",16,16,"midniteinthegardensmellingroses"
710,"The Winter Greeting",12,20,"thewintergreeting"
711,"Late Night in Back Bay",14,22,"latenightinbackbay"
712,"Fire Truck 2006",14,30,"firetruck2006"
713,"Rodeo Jones Twinky Tranquil Night",30,24,"rodeojonestwinkytranquilnight"
714,"Back in the Day",25,35,"backintheday"
715,"The Card Cheat",18,24,"thecardcheat"
716,"Rodeo Jones Abstract Fish Wish",30,30,"rodeojonesabstractfishwish"
717,"Magic Night on Telegraph Hill",41,33,"magicniteontelegraphhill"
718,"Cute Bats at Coit Tower",16,16,"cutebatsatcoittower"
719,"Fender Bender Tour of the Cutie Bats",25,35,"fenderbendertourofthecutiebats"
720,"The Midnight Spy",40,40,"themidnitespy"
721,"Cable Car at Night",16,20,"cablecaratnite"
722,"Conquest of Paradise (Cross)",20,26,"conquestofparadisecross"
723,"The Calm Yeti",20,30,"thecalmyeti"
724,"Honey Honey",30,22,"honeyhoney"
725,"Honey Honey Money",30,22,"honeyhoneymoney"
726,"Funny Honey Honey",30,22,"funnyhoneyhoney"
727,"Honey Money",30,22,"honeymoney"
728,"Gold Flanders Angel",30,22,"goldflandersangel"
729,"Orange Flanders Angel",30,22,"orangeflandersangel"
730,"Mail Pouch Tobacoo",30,22,"mailpouchtobacco"
731,"Indian Land for Sale (Feathers)",30,22,"indianlandforsalefeathers"
732,"Slinky Cat",30,22,"slinkycat"
733,"Egg Rush",30,22,"eggrush"
734,"El Tropico Club",22,26,"eltropicoclub"
735,"Cherry El Tropico Club",22,26,"cherryeltropicoclub"
736,"Tranquil Summer Day",24,28,"taperjeangirl"
737,"Fenway Fender Bender Big Dig",34,34,"fenwayfenderbenderbigdig"
738,"Fenway Fender Bender Collage",36,20,"fenwayfenderbendercollage"
739,"Very Important Businessmen",30,30,"veryimportantbusinessmen"
740,"Colonial Ghost Story (Fall)",16,20,"colonialghoststory(fall)"
741,"Colonial Ghost Story (Winter)",24,28,"colonialghoststory(winter)"
742,"The Fiesty Ghost",22,30,"thefiestyghost"
743,"Magic Night Oil Tanker",50,50,"magicnightoiltanker"
744,"Java Man",22,26,"javaman"
745,"Kings of Leon",16,16,"kingsofleon"
746,"Apple Dumpling Trio",30,36,"appledumplingtrio"
747,"Halloween Circa 1776",36,28,"halloweencirca1776"
748,"Magic Nite Telegraph Hill",40,32,"magicnightontelegraphhill"
749,"Nash Dinoland",20,26,"nashdinoland"
750,"All-Nighter Fender Bender",20,40,"allnighterfenderbender"
751,"Healthy Pizza Chef",32,24,"healthypizzachef"
752,"The Reluctant Astronaut",32,24,"thereluctantastronaut"
753,"Fenway Fender Bender New Year",30,16,"fenwayfenderbendernewyear"
754,"Lemon Grape Big Dig",30,30,"lemongrapebigdig"
755,"The Hot Tub",32,24,"thehottub"
756,"Work For Peanuts",32,24,"workforpeanuts"
757,"Late Nite Pizza",24,30,"northendpizza"
758,"The Fountain",30,30,"thefountain"
759,"Peppermint Lighthouse",30,30,"peppermintlighthouse"
760,"Coit Tower Collage",22,30,"coittowercollage"
761,"Fender Bender SF Finest",20,56,"fenderbendersffinest"
762,"Year of the Pig",30,44,"yearofthepig"
763,"The Icy Cold Sunset Spy",30,30,"theicycoldsunsetspy"
764,"Firemen",30,24,"firemen"
765,"Nash Dino Land",20,24,"nashdinotracks"
766,"Rodeo Jones Bath Time",30,30,"rodeojonesbathtime"
767,"The Little General",20,16,"thelittlegeneral"
768,"Legend of Sleepy Hollow",35,46,"legendofsleepyhollow"
769,"Saturday in Noe Valley",20,25,"saturdayinnoevalley"
770,"3 Chubby Birds at Midnight",30,20,"3chubbybirdsatmidnight"
771,"Chubby Lemonade Bird",24,21,"chubbylemonadebird"
772,"Boston Public Gardens",28,22,"bostonpublicgardens"
773,"Blue Hills Maple Syrup 1776",35,46,"bluehillsmaplesyrup1776"
774,"The Icy Cold Sunset Spy",30,30,"theicycoldsunsetspy"
775,"Halloween 1776",26,22,"halloween1776"
776,"Icy Cold Blizzard 1776",22,26,"icycoldblizzard1776forweb"
777,"Windy Day 1776",26,22,"windyday1776"
778,"Fenway Fender Bender Nite Time",26,22,"fenwayfenderbendernitetime"
779,"Blueberry Mambo",26,30,"blueberrymambo"
780,"Blueberry Jambo",26,30,"blueberryjambo"
781,"First Snowfall Celebration",96,96,"firstsnowfallcelebration"
782,"Quiet Evening Gold Rush",14,40,"quieteveninggoldrush"
783,"Midnite Gold Prospector",30,30,"midnitegoldprospector"
784,"Gold Rush Ghost Story",14,40,"goldrushghoststory"
785,"Magic Evening Gold Rush",18,42,"magiceveninggoldrush"
786,"I've Struck It Rich",28,36,"ivestruckitrich"
787,"Mint Hills Gold Prospector",26,34,"minthillsgoldprospector"
788,"Gold Rush Chief",14,40,"goldrushchief"
789,"Gold Rush Salesman",40,14,"goldrushsalesman"
790,"Eureka, I've Struck It Rich!",20,16,"eurekaivestruckitrich"
791,"Fender Bender Downtown SF",24,30,"fenderbenderdowntownsf"
792,"Year of the Boar",30,22,"yearoftheboar"
793,"Pug Collage",22,30,"pugcollag"
794,"Corgi Collage",22,30,"corgicollage"
795,"Fussy Flounder",30,44,"fussyflounder"
796,"Rodeo Jones vs. Charlestown",36,144,"rodeojonesvscharlestown"
797,"fender bender green apple",32,40,"fenderbendergreenappleforweb"
798,"2007 world champs",32,40,"2007worldchampsforweb"
799,"fender bender falltime",31,39,"fenwayfenderbenderfalltimeforweb"
800,"fender bender night time",40,32,"fenwayfenderbendernighttimeforweb"
801,"fenway firetruck",30,38,"fenwayfiretruckforweb"
802,"fender bender small fruit",28,22,"fenwayfenderbendersmallfruitforweb"
803,"fender bender sutro tower",32,40,"fenderbendersutrotowerforweb"
804,"distracted in san fran",28,22,"distractedinsfforweb"
805,"fender bender noe valley",16,20,"fenderbendernoevalleyforweb"
806,"6 chubby birds",28,36,"6chubbybirdsforweb"
807,"4 chubby birds chillin",28,22,"4cubbybirdschillinforweb"
808,"cherry vanilla ice cream attack",24,24,"cherryvanillaicecreamattackforweb"
809,"rodeo jones 2008",20,20,"rodeojones2008forweb"
810,"rodeo jones curious tuna",44,14,"rodeojonescurioustunaforweb"
811,"rodeo jones mustache attraction",44,14,"rodeojonesmustacheattractionforweb"
812,"year of the mouse",22,22,"yearofthemouseforweb"
813,"first snowfall salem",30,24,"firstsnowfallsalemforweb"
814,"salem ghost story",16,20,"salemghoststoryforweb"
815,"sleepy hollow",20,24,"sleepyhollowforweb"
816,"fruit jazz trio",36,44,"fruitjazztrioforweb"
817,"midnight boston public garden",32,40,"midnitebostonpublicgardenforweb"
818,"old thyme pizza chef",30,24,"oldtthymepizzachefforweb"
819,"proud pizza chef",30,24,"proudlpizzachefforweb"
820,"first snowfall jubilation",40,60,"firstsnowfalljubilationforweb"
821,"colonial xmas",0,0,"colonialxmasforweb"
822,"end of season, we still believe",0,0,"endofseasonwestillbelieveforweb"
823,"first parish church",0,0,"firstparishchurchforweb"
824,"halloween 1776",0,0,"halloween1776forweb"
825,"sf fender bender bottle",0,0,"sffenderbenderbottleforweb"
826,"pirates of the caribbean",0,0,"piratesofcarribeanforweb"
827,"5 chubby lemonade birds",24,32,"5chubbylemonadebirdsforweb"
828,"calm owls in the evening",22,30,"calmowlsintheeveningforweb"
829,"house of the seven gables",24,32,"thehouseofsevengablesforweb"
830,"16 days of christmas",20,20,"16daysofxmasforweb"
831,"magic night in san francisco",48,60,"sanfanmuralforweb"
832,"blizzard at fenway park",24,36,"blizzardatfenwayforweb"
833,"fenway night owl bus",30,36,"fenwaynightowlbusforweb2"
834,"red sox celebration",30,36,"redsoxcelebrationforweb"
835,"fenway fender bender harvest",40,32,"fenwayfenderbenderharvestforweb"
836,"snowy evening fenway",26,22,"snowyeveningfenwayforweb"
837,"midnight ride of paul revere",26,22,"midnightrideofpaulrevereforweb"
838,"midnight ride of paul revere (wadsworth)",16,56,"midnightrideofpaulreverewadsworthforweb"
839,"fenway park main gate",24,12,"fenwayparkmaingateforweb"
840,"the night before christmas",9,12,"thenightbeforechristmasforweb"
841,"paul revere house",9,12,"paulreverehouseforweb"
842,"halloween at the house of the seven gables",9,12,"housesevengablesforweb"
843,"the owl graduate",12,9,"theowlgraduateforweb"
844,"pinwheel robins",18,22,"pinwheelrobinsforweb"
845,"cute prickley owl",11,14,"cuteprickleyowlforweb"
846,"tigers",18,22,"tigersforweb"
847,"owls hanging ten in flowers",18,22,"hangingtenowlinflowersforweb"
848,"owls hanging ten in flowers 2",18,22,"hangingtenowl2forweb"
849,"owls and flowers",18,22,"owlsandflowersforweb"
850,"flowers",18,22,"flowersforweb"
851,"bats in the belfry",22,30,"batsinbelfryforweb"
852,"brush owl in bamboo",9,12,"brushowlinbambooforweb"
853,"calm owl in nest",18,22,"calmowlinnestforweb"
854,"crowd of blueberry fan owls",12,9,"crowdofblueberryowlsforweb"
855,"blueberry fan owls",18,24,"blueberryfanowlsforweb"
856,"brush owl oranges",11,14,"brushowlorangesforweb"
857,"blue violet dandy owl",18,22,"bluevioletdandyowlforweb"
858,"purple dandy owl",18,22,"purpledandyowlforweb"
859,"pinwheel robins 2",18,22,"pinwheelrobins2forweb"
860,"owls and lemons",18,22,"owlswithlemonsforweb"
861,"small owl and berries",12,9,"smallowlandberriesforweb"
864,"the last crusader",30,24,"thelastcrusaderforweb2"
865,"kingdom of heaven",12,9,"kingdomofheavenforweb2"
866,"the holy warrior",12,9,"holywarriorforweb"
867,"army of god",9,12,"armyofgodforweb"
868,"the holy warrior (red and gold)",12,9,"theholywarriorforweb"
869,"kingdom of heaven (white)",12,9,"kingdomofheavenforweb"
870,"richard the lionheart",12,9,"richardthelionheartforweb"
871,"the last crusader (templar)",12,9,"thelastcrusaderforweb"
872,"roman astrology",24,26,"romanastrologyforweb"
873,"let the swords encircle me",12,9,"lettheswordsencirclemeforweb"
874,"chicken commute",23,27,"chickencommuteforweb"
875,"chickens in the vineyard",20,46,"chickensinthevineyardforweb"
876,"chicken corn kernal and flowers",18,24,"chickenscornkernalsandflowersforweb"
877,"fluffy chickens",18,24,"fluffychickenandflriendforweb"
878,"twinky chicken tiptoe",10,30,"twinkychickentiptoeforweb"
879,"chickens in the golden wheat",14,56,"chickensinthegoldenwheatforweb"
880,"chicken inspectors",10,30,"chickeninspectorsforweb"
881,"chubby birds and lemon plant",24,27,"chubbybirdsandlemonplantforweb"
882,"lemon lazuli",27,23,"lemonlazulifinalaugforweb"
883,"blue warbler and lemons",27,23,"bluewarblerandlemonsforwebfinal"
884,"blue jay lemon inspectors",23,27,"bluejaylemoninspectorsforweb"
885,"bird bath day",18,18,"birdbathdayforweb"
886,"bird bath evening",18,18,"birdbatheveningforweb"
887,"cute orange owls",27,23,"cuteorangeowlsforweb"
888,"mandarin duck delight",23,27,"mandarinduckdelightforweb"
889,"quail in prickley pears",23,27,"quailinpricklypearsforweb"
890,"fiesty bluejays and citrus ",23,27,"fiestybluejaysandcitrusforweb"
891,"chubby astronomy birds",16,20,"chubbyastronomybirdsforweb"
892,"6 chubby berry birds",23,27,"6chubbyberrybirdsforweb"
893,"4 chubby fruit birds",10,30,"4chubbyfruitbirdsforweb"
894,"the general at first parrish",24,26,"thegeneralatfirstparrishforweb"
895,"colonial autumn evening",18,26,"colonialautumneveningforweb"
896,"salem ghost story",9,12,"salemghoststoryforweb"
897,"green tea dutch east",9,12,"greenteadutcheastforweb"
898,"dutch east india company",9,12,"dutcheastindiacompanyforweb"
899,"salem 1692",9,12,"salem1692forweb"
900,"colonial night fishing",9,12,"colonialnightfishingforweb"
901,"god speed the pilgrims",9,12,"godspeedthepilgrimsforweb"
902,"pilgrim monument",9,12,"pilgrimmonumentforweb"
903,"salem witch magic",9,12,"salemwitchmagicforweb"
904,"ship of gold and spices",12,9,"shipofgoldandspicesforweb"
905,"voyage of conquest",12,9,"voyageofconquestforweb"
906,"oil prospector",9,12,"oilprospectorforweb"
907,"new world natives",9,12,"newworldnativesforweb"
908,"rodeo jones and the salty sailfish",26,24,"rodeojonesandthesaltysailfishforweb"
909,"rodeo jones and the marlin",24,18,"rodeojonesandthemarlinforweb"
910,"rodeo jones mustache attraction",46,13,"rodeojonesmustacheattractionforweb"
911,"rodeo jones fishing",12,9,"rodeojonesfishingforweb"
912,"rodeo jones and big flounder",24,18,"rodeojonesandbigfloundersforweb"
913,"pink salmon rodeo jones",12,9,"pinksalmonrodeojonesforweb"
914,"2 flounder rodeo jones",12,9,"2flounderrodeojonesforweb"
915,"rodeo jones fenway",23,27,"rodeojonesfenwayforweb"
916,"calm snowman evening at fenway",23,27,"calmsnowmanevening"
917,"snowy day blizzard fenway",23,27,"snowyblizzardfenwayforweb"
918,"summer evening fenway",24,56,"summereveningfenwayforweb"
919,"fenway grape guava fender bender",23,27,"fenwayfenderbendergrapeguavaforweb"
920,"fenway front gate",18,18,"fenwayfrontgateforweb"
921,"santa at fenway park",12,9,"santaatfenwayforweb"
922,"5 berry birds",22,30,"fiveberrybirdsforweb"
923,"3 blueberry bird fans",22,26,"threeblueberrybirdfansforweb"
924,"mallard and wood duck",22,30,"mallardandwoodduckforweb"
925,"5 owls and citrus",22,30,"5owlsandcitrusforweb"
926,"chubby owl in nest",9,12,"chubbyowlinnestforweb"
927,"chicken turkey pasture party",12,70,"chickenturkeypasturepartyforwebfinal"
928,"chicken corn kernals and flowers",22,26,"chickenscornkernalsandflowersforweb"
929,"fluffy chickens",22,26,"fluffychickenandfriendforweb"
930,"castries and flowers",9,12,"castriesandflowersforweb"
931,"del vega porch and flower pot",9,12,"delvegaporchandflowerpotforweb"
932,"casa del vega porch",9,12,"casadelvegaporchviewforweb"
933,"mango banana bat",9,12,"mangobananabatforweb"
934,"st lucia cocoa",9,12,"stluciacocoaforweb"
935,"coconut trees",9,12,"coconuttreesforweb"
936,"bird and the breadfruit",9,12,"thebirdandthebreadfruitforweb"
937,"vigie fishermen",9,12,"vigiefishermenfirstforweb"
938,"vigie fishermen 2",9,12,"vigiefishermenforweb"
939,"banana bat",9,12,"bananabatforweb"
940,"pumpkins",6,6,"pumpkinsmadebytimforwebsite2011"
941,"logan rocking chair",46,25,"loganartchairforweb"
942,"boston children's museum display",70,24,"bcmcollagetim"
943,"california",36,36,"californiaforweb"
944,"gold rush",48,70,"goldrushforweb"
945,"coyote in brookline",9,12,"coyoteinbrooklineforweb"
946,"bats on summit hill",9,12,"batsonsummithillforweb"
947,"ponte vecchio",12,16,"pontevecchioforweb"
948,"lemonade",60,36,"lemonade2011forweb"
949,"dreams burn down",36,36,"dreamsburndownforweb"
950,"camden yards",20,24,"camdenyardsforweb"
951,"pouty pug",18,18,"poutypugforweb"
952,"pouty pug 2",18,18,"poutypug2forweb"
953,"poses",18,36,"nudedrawingsforweb"
954,"eyes of the evening",12,9,"eyesoftheeveningforweb"
955,"late evening",12,9,"lateeveningforweb"
956,"the dove of love",22,30,"thedoveofloveforweb"
957,"year of the pig",30,22,"yearofthepigforweb"
958,"citgo cityscape",30,22,"citgocityscapeforweb"
989,"Lemon Screech Owl",75,50,"lemonscreechowl"
990,"Anxious Owl Blue",30,22,"anxiousowlblue"
991,"Curly Pasta Owl",30,22,"curlypastaowl"
992,"well behaved owl",20,16,"wellbehavedowl"
993,"well behaved owl",20,16,"wellbehavedowl"
994,"well behaved owl",20,16,"wellbehavedowl"
995,"well behaved owl",20,16,"wellbehavedowl"
996,"night and day owl",20,16,"nightanddayowl"
997,"King Kong Boston",22,30,"kingkongboston"
998,"The Secret",84,48,"thesecret"
999,"Fiesty Hairy Owl",30,22,"fiestyhairyowl"
1000,"Orange Squash Owl",30,22,"orangesquashowl"
1001,"Fruit Fruit Owl",30,22,"fruitfruitowl"
1002,"Coffee Bean Owl",20,16,"coffeebeanowl"
1003,"Anxious Owl Blue One",30,24,"anxiousowlblueone"
1004,"Curly Owl",30,22,"curlyowl"
1005,"Lemon Paper Owl",30,22,"lemonpaperowl"
1006,"Sudsy Wash Owl",30,22,"sudsywashowl"
1007,"Cherry Chile Owl",30,22,"cherrychileowl"
1008,"Jolly Rancher Owl",30,22,"jollyrancherowl"
1009,"Travel Love Owl",30,22,"travelloveowl"
1010,"Barn Owl",30,22,"barnowl"
1011,"Angry Owl",30,22,"angryowl"
1012,"Curly Perm Owl",30,22,"curlypermowl"
1013,"Chubby Shaker Owl",30,22,"chubbyshakerowl"
1014,"Collage Owl",70,40,"collageowl"
1015,"Pine Jacket Owl",30,22,"pinejacketowl"
1016,"Sin A Min Owl",30,22,"sinaminowl"
1017,"Orange Fireworks Owl",30,22,"orangefireworksowl"
1018,"Grape Fireworks Owl",30,22,"grapefireworksowl"
1019,"Vase and Screech Owl",20,16,"vaseandscreechowl"
1020,"Lovely Alert Owl",18,18,"lovelyalertowl"
1021,"Wild Berries Owl",30,22,"wildberriesowl"
1022,"Pumpkin Owl ",18,18,"pumpkinowl"
1023,"Little Owl ",12,9,"littleowl"
1024,"Screech Owl Lemons",20,16,"screechowllemons"
1025,"Night Cracker Owl",20,16,"nightcrackerowl"
1026,"Cute Alert Owl",20,16,"cutealertowl"
1027,"Cute Angry Owl",20,16,"cuteangryowl"
1028,"Cute Salt Owl",30,22,"cutesaltowl"
1029,"Fits Like Puzzle Owl",30,22,"fitslikepuzzleowl"
1030,"Grape Jelly Owl",30,22,"grapejellyowl"
1031,"Lemon Cherry Loop Owl",30,22,"lemoncherryloopowl"
1032,"Gadget Owl",30,22,"gadgetowl"
1033,"Fenway Good Harvest",24,60,"fenwaygoodharvest"
1034,"Cinder at Twilight",28,22,"cinderattwilight"
1035,"Cinder at Twilight",28,22,"cinderattwilight"
1036,"Fenway Good Harvest",24,60,"fenwaygoodharvest"
1037,"Fenway Good Theif",24,30,"fenwaygoodtheif"
1038,"House on Kenwood",16,20,"houseonkenwood"
1039,"House on Summit",20,16,"houseonsummit"
1040,"Twilight Fenway",24,30,"twilightfenway"
1041,"Rainy Day Fenway",24,30,"rainydayfenway"
1042,"Colonial Chicken Herder",28,30,"colonialchickenherder"
1043,"Boston Public Gardens",20,16,"bostonpublicgardens"
1044,"Colonial Autumn Twilight",16,24,"colonialautumntwilight"
1045,"Wellesley College",16,20,"wellesleycollege"
1046,"Lantern of Paul Revere",26,20,"lanternofpaulrevere"
1047,"Gold Rush Twilight",40,60,"goldrushtwilight"
1048,"Gold Rush Ghost",16,50,"goldrushghost"
1049,"Gold Rush Panning",20,16,"goldrushpanning"
1050,"Neon Bat Glow",18,18,"neonbatglow"
1051,"Bubble Gum Bat",30,22,"bubblegumbat"
1052,"Cart Wheel Bat",30,22,"cartwheelbat"
1053,"Bunny Bat Collage",40,90,"bunnybatcollage"
1054,"Sumi Bat Night",18,28,"sumibatnight"
1055,"Bat Graphic",18,18,"batgraphic"
1056,"Adopt a Bat",12,20,"adoptabat"
1057,"Chubby Lemon Sitters",24,30,"chubbylemonsitters"
1058,"Pack of Lemon Fans",30,24,"packoflemonfans"
1059,"Painted bunting Lemon",20,16,"paintedbuntinglemon"
1060,"Crumbs for Mandarin Ducks",24,30,"crumbsformandarinducks"
1061,"Chubby Bird Apartment",44,16,"chubbybirdapartment"
1062,"Color Camping",22,30,"colorcamping"
1063,"Journal Visual",30,22,"journalvisual"
1064,"Berry Jumble",16,30,"berryjumble"
1065,"First Bike Ride",30,22,"firstbikeride"
1066,"All Night",30,22,"allnight"
1067,"The Blueberry Night",30,22,"theblueberrynight"
1068,"Blue Corkscrew",30,22,"bluecorkscrew"
1070,"Green Grass Figure",22,30,"greengrassfigure"
1071,"Portraits",22,30,"portraits"
1072,"Latin Striped Shirt",44,18,"latinstripedshirt"
1073,"Figure Crossing",22,30,"figurecrossing"
1074,"Figure Crossing 2",22,30,"figurecrossing2"
1075,"Figure Crossing 3",22,30,"figurecrossing3"
1076,"Figure Crossing 4",30,22,"figurecrossing4"
1077,"M8F",44,44,"m8f"
1078,"Bananas",8,10,"bananas"
1079,"Battle ",8,10,"battle"
1080,"Battle Road",8,10,"battleroad"
1081,"Tulips",8,10,"tulips"
1082,"Bodie Church",8,10,"bodiechurch"
1083,"Apples",8,10,"apples"
1084,"Old Dutch Church",8,10,"olddutchchurch"
1085,"Fall Day",8,10,"fallday"
1086,"Moon",8,10,"moon"
1087,"Bat in Cave",10,8,"batincave"
1088,"Bodie Ghost Town",8,10,"bodieghosttown"
1089,"Leaves on Cars",10,8,"leavesoncars"
1090,"Foggy Graveyard",8,10,"foggygraveyard"
1091,"Rainy Mist Graveyard",10,8,"rainymistgraveyard"
1092,"Witch House",8,10,"witchhouse"
1093,"Fall Day Park",8,10,"falldaypark"
1094,"Cute Bulldog",8,10,"cutebulldog"
1095,"Purple Flowers",8,10,"purpleflowers"
1096,"Sunset",8,10,"sunset"
1097,"Sea Cliffs",8,10,"seacliffs"
1098,"Bird on Gravestone",8,10,"birdongravestone"
1099,"Pug on Lease",8,10,"pugonlease"
1100,"Snowy Playground",8,10,"snowyplayground"
1101,"Tired Dog",8,10,"tireddog"
1102,"Bodie Landscape",8,10,"bodielandscape"
1103,"Rainy Pine Forest ",10,8,"rainypineforest"
1104,"Piton",8,10,"piton"
1105,"Pumpkin Sale",10,8,"pumpkinsale"
1106,"Philipsburg Manor",8,10,"philipsburgmanor"
1107,"Bennington VT Cemetery",8,10,"benningtonvtcemetery"
1108,"Rainbow ",8,10,"rainbow"
1109,"Fall VT Graveyard",8,10,"fallvtgraveyard"
1110,"Well Behaved Chicken",18,18,"wellbehavedchicken"
1111,"Chicken Fireworks",24,30,"chickenfireworks"
1112,"Chicken Tippy Toes",15,30,"chickentippytoes"
1113,"Chicken Popcorn",18,24,"chickenpopcorn"
1114,"Lemon King Chicken",18,24,"lemonkingchicken"
1115,"Rodeo Jones Halibut",30,24,"rodeojoneshalibut"
1116,"Rodeo Jones Big Day Out",20,16,"rodeojonesbigdayout"
1117,"Rodeo Jones Halibut Surf",20,16,"rodeojoneshalibutsurf"
1118,"Rodeo Jones Wild Salmon",30,24,"rodeojoneswildsalmon"
1119,"Halibut",16,20,"halibut"
1120,"Rodeo Jones and Duck Tour",24,48,"rodeojonesandducktour"
1121,"Rodeo Jones Salmon Run",30,24,"rodeojonessalmonrun"
1122,"Rodeo Jones Deep Sea Collage",50,30,"rodeojonesdeepseacollage"
1123,"Rodeo Jones Mural",20,160,"rodeojonesmural"
1124,"Mango Jazz",24,30,"mangojazz"
1125,"Heavenly Warrior",36,36,"heavenlywarrior"
1126,"Jazz Trio",24,30,"jazztrio"
1127,"Army of God 2012",24,30,"armyofgod2012"
1128,"Cherry Night Sloth",20,16,"cherrynightsloth"
1129,"Dream Smoke City",20,16,"dreamsmokecity"
1130,"Proud Tiger",22,30,"proudtiger"
1131,"Lion Tall Night Grass",30,22,"liontallnightgrass"
1132,"Twilight Pug",20,16,"twilightpug"
1133,"In Honor of the Mouse",30,22,"inhonorofthemouse"
1134,"Latin Night Jazz",24,30,"latinnightjazz"
1135,"Christmas Spirit",30,22,"christmasspirit"
1136,"Ice Cream Man",30,24,"icecreamman"
1137,"What is wrong",44,44,"whatiswrong"
1138,"explosion",10,8,"explosion"
1139,"Achilles",80,40,"achilles"
1140,"Rodeo Jones 3 Set",60,40,"rodeojones3set"
1141,"Self Portrait Left Hand",50,40,"selfportraitlefthand"
1142,"Wall One",80,40,"wallone"
1143,"Wall Two",80,40,"walltwo"
1144,"Wall Three",50,80,"wallthree"
1145,"Life in a Box",80,200,"lifeinabox"
1146,"Birds Lemon Duplex",50,14,"birdslemonduplex"
1147,"Latin Stripes",50,18,"latinstripes"
1148,"Boston Garden Future",10,15,"bostongardenfuture"
1151,"rodeo jones happy halibut",60,40,"rodeojoneshappyhalibut"
1152,"rodeo jones peach halibut",50,30,"rodeojonespeachhalibut"
1153,"rodeo jones west coast collage",50,35,"rodeojoneswestcoastcollage"
1154,"3 chickens ink corn",18,30,"3chickensinkcorn"
1155,"chicken corn cob",26,30,"chickencorncob"
1156,"french hen",30,22,"frenchhen"
1157,"Winter Witch House",9,12,"winterwitchhouse"